Title,Price,Rating
"SAMSUNG Galaxy A25 5G A Series Cell Phone, 128GB Unlocked Android Smartphone, AMOLED Display, Advanced Triple Camera System, Expandable Storage, Stereo Speakers,US Version,2024,Black",$264.99 ,"1,680"
"Samsung Galaxy A03s, 32GB, Black - Prepaid Smartphone (Locked)",$48.01 ,629
"Panasonic Cordless Phone with Answering Machine, Call Block, Bilingual Caller ID, High-Contrast Display, 2 Handsets - Metallic Black",$49.99 ,"1,969"
"Motorola Moto G 5G | 2023 | Unlocked | Made for US 4/128GB | Bluetooth | 48 MPCamera | Harbor Gray, 163.94x74.98x8.39",$169.99 ,"3,453"
"Alcatel 1 (32GB) 5.0"" Full View Display - Removable Battery - Dual SIM GSM Unlocked US & Global 4G LTE International Version - Al Aqua",$36.29 ,"1,642"
"SAMSUNG Galaxy A14 4G LTE (128GB + 4GB) Unlocked Worldwide (Only T-Mobile/Mint/Metro USA Market) 6.6"" 50MP Triple Camera + (15W Wall Charger) (Silver (SM-A145M/DS))",$165.00 ,429
"SAMSUNG,Galaxy A04e (SM-A042M/DS) Dual SIM 32GB,6.5'' GSM Unlocked,International Version-Black",$105.99 ,147
"AT&T EL51203 - 2 Handset Cordless Phone Full-Duplex Handset Speakerphone, Caller ID/Call Waiting",$43.99 ,"16,708"
Moto G Play 2023 3-Day Battery Unlocked Made for US 3/32GB 16MP Camera Navy Blue,$99.99 ,"2,042"
"Panasonic Cordless Phone with Advanced Call Block, Link2Cell Bluetooth, One-Ring Scam Alert, and 2-Way Recording with Answering Machine, 5 Handsets - KX-TGF975B (Black with Silver Trim)",$159.99 ,641
Motorola Moto G Stylus | 2022 | 2-Day Battery | Unlocked | Made for US 4/128GB | 50MP Camera | Twilight Blue,$149.99 ,767
"2 Pack-IP68 Waterproof Phone Pouch Floating for Underwater Photography, Underwater Screen Touchable, Cellphone Dry Bag, Detachable Lanyard for iPhone 13/14/15 Pro Max/Samsung Up to 7.0''-Clear",$19.99 ,16
"SAMSUNG Galaxy A12 Cell Phone, Factory Unlocked Android Smartphone, 32GB, Multi Camera System, Expandable Storage, Long Battery Life, 6.5” Infinity-V HD+ Display Screen, US Version, 32GB, Black",$141.00 ,"1,087"
BLU C5L MAX | 2024 | All-Day Battery | GSM Unlocked | 5.7” Display | 16/2GB |US Version | US Warranty | Black,$49.99 ,41
"TCL 30 Z, 32GB, Black - Prepaid Smartphone (Locked)",$39.99 ,N/A
"TracFone Samsung Galaxy A14 5G, 64GB, Black - Prepaid Smartphone (Locked)",$89.99 ,120
"Coiled Lightning Cable 3ft, 2 Pack iPhone Charger Cable for Car, [Apple MFi Certified] Short Retractable Charging Cord Compatible with iPhone 14/13/12/11 Pro Max/XS MAX/XR/XS/8/iPad/iPod/CarPlay",$15.99 ,"1,165"
BLU F92e 5G | 2023 | 3-Day Battery | Unlocked | 6.5” HD+ Display | 128/4GB | 50MP Camera | US Version | US Warranty | Black (Blue),$129.99 ,301
Wireless Earbuds Bluetooth 5.3 Headphones 90 Hrs Playtime Earbuds with Wireless Charging Case Over-Ear Sports Earphones Waterproof Deep Bass Headset,$34.99 ,"1,659"
"FANAUE Aluminum Phone Holder with 150mm Double Socket Arm Compatible with 6-8.5"" Smartphone - with B Size 1"" Ball Components for RAM Mounts",$29.99 ,N/A
"3-in-1 Wireless Charger, iPhone Charging Station, 15W Fast Charging and Strong Magnet, Applicable to iPhone15/14/13/12/11 ProMax/X/Xs/Max, AirPods 3/2/Por(Black)",$29.99 ,12
,,
,,
,,
,,
,,
,,
